{"acc": 0.853077272883987, "loss": 0.1003598801441331, "_timestamp": 1699532085.548385, "_runtime": 5.977772951126099, "_step": 7, "_wandb": {"runtime": 1}}